{"_default": {"1221": {"media_id": "795848", "title": null, "overview": "An independent filmmaker is hired to document a day in the life of artist/musician Night Swag Angel Candy. What starts out as a simple promotional video for his upcoming album, Da Cartoon Killas, ends up becoming something else entirely: a darkly comic, disturbing character study for the ages.", "year": "2021", "date": "03-01", "rating": 0.0, "thumbnail_url": "https://www.themoviedb.org/t/p/w188_and_h282_bestv2/a52O0urytUqs3X9RPGZ0TttPbPy.jpg", "MEDIA_TYPE": "Movie", "runtime": 80, "language": "en", "genres": [{"id": 18, "name": "Drama"}, {"id": 35, "name": "Comedy"}], "cover_url": "https://www.themoviedb.org/t/p/w1280/a52O0urytUqs3X9RPGZ0TttPbPy.jpg"}, "795848": {"media_id": "795848", "title": null, "overview": "An independent filmmaker is hired to document a day in the life of artist/musician Night Swag Angel Candy. What starts out as a simple promotional video for his upcoming album, Da Cartoon Killas, ends up becoming something else entirely: a darkly comic, disturbing character study for the ages.", "year": "2021", "date": "03-01", "rating": 0.0, "thumbnail_url": "https://www.themoviedb.org/t/p/w188_and_h282_bestv2/a52O0urytUqs3X9RPGZ0TttPbPy.jpg", "MEDIA_TYPE": "Movie", "runtime": 80, "language": "en", "genres": [{"id": 18, "name": "Drama"}, {"id": 35, "name": "Comedy"}], "cover_url": "https://www.themoviedb.org/t/p/w1280/a52O0urytUqs3X9RPGZ0TttPbPy.jpg"}, "11": {"media_id": "11", "title": null, "overview": "Princess Leia is captured and held hostage by the evil Imperial forces in their effort to take over the galactic Empire. Venturesome Luke Skywalker and dashing captain Han Solo team together with the loveable robot duo R2-D2 and C-3PO to rescue the beautiful princess and restore peace and justice in the Empire.", "year": "1977", "date": "05-25", "rating": 8.2, "thumbnail_url": "https://www.themoviedb.org/t/p/w188_and_h282_bestv2/6FfCtAuVAW8XJjZ7eWeLibRLWTw.jpg", "MEDIA_TYPE": "Movie", "runtime": 121, "language": "en", "genres": [{"id": 12, "name": "Adventure"}, {"id": 28, "name": "Action"}, {"id": 878, "name": "Science Fiction"}], "cover_url": "https://www.themoviedb.org/t/p/w1280/6FfCtAuVAW8XJjZ7eWeLibRLWTw.jpg"}}}